{
  "model": "baselines/Llama2_ft/ckpt/books/gdr_simnpo_b1.0_g0.5_1.0_U/",
  "total_texts": 712,
  "overall": {
    "avg_perplexity": 44.9201757874837,
    "std_perplexity": 163.08233594158497,
    "min_perplexity": 1.094355821609497,
    "max_perplexity": 1207.4859619140625
  },
  "per_file": [
    {
      "file": "data/books/raw/forget.txt",
      "num_texts": 71,
      "avg_perplexity": 435.39677961880994,
      "std_perplexity": 312.00214619953164,
      "min_perplexity": 2.9695332050323486,
      "max_perplexity": 1207.4859619140625
    },
    {
      "file": "data/books/raw/retain1.txt",
      "num_texts": 12,
      "avg_perplexity": 1.1663682427418558,
      "std_perplexity": 0.02887555442828732,
      "min_perplexity": 1.1131051555275917,
      "max_perplexity": 1.2113272905349732
    },
    {
      "file": "data/books/raw/retain2.txt",
      "num_texts": 629,
      "avg_perplexity": 1.678851174626364,
      "std_perplexity": 0.454355817829271,
      "min_perplexity": 1.094355821609497,
      "max_perplexity": 5.1220903396606445
    }
  ],
  "all_perplexities": [
    9.005386352539062,
    98.3997573852539,
    921.7457275390625,
    594.1127577561599,
    17.5511417388916,
    615.386474609375,
    76.37272644042969,
    500.1731850760324,
    21.700815200805664,
    647.7894254117399,
    102.52703094482422,
    751.3326651436942,
    399.35894775390625,
    40.11362075805664,
    454.57465782165525,
    31.44755744934082,
    637.989673149295,
    82.0230712890625,
    802.0496643066406,
    8.210331916809082,
    483.53318756103516,
    843.1984835537997,
    244.42930603027344,
    522.5661709759686,
    24.929048538208008,
    614.7566175460815,
    59.32134246826172,
    614.9587460686179,
    139.9963836669922,
    494.75232673413825,
    54.08456802368164,
    688.765807723999,
    720.8557739257812,
    822.4506225585938,
    794.74365234375,
    121.45622253417969,
    863.6561584472656,
    264.05780029296875,
    1019.817138671875,
    175.37689208984375,
    297.16082763671875,
    600.9980443318685,
    128.17462158203125,
    606.7675804138183,
    96.03227233886719,
    521.4135116185897,
    538.1481323242188,
    900.9093409946987,
    685.3355900691106,
    465.677438875524,
    591.2155291583088,
    629.7128822326661,
    321.38167603810626,
    603.1372693743025,
    66.69913482666016,
    860.793604850769,
    637.5636667104868,
    20.9537410736084,
    778.6871499454273,
    1207.4859619140625,
    743.2742309570312,
    744.4140850413929,
    609.053120640346,
    680.1255016326904,
    136.1905325408793,
    4.176185607910156,
    310.7928435754555,
    319.88570338952627,
    295.2381261224584,
    2.9695332050323486,
    129.23264611404952,
    1.1131051555275917,
    1.1339836506282581,
    1.158603803316752,
    1.1584707200527191,
    1.1765414613943834,
    1.1477278338538275,
    1.2113272905349732,
    1.1752794264542936,
    1.137316628738686,
    1.1919980968388033,
    1.1864225625991822,
    1.205642282962799,
    1.1698329448699951,
    1.174390935897827,
    1.2045670323901707,
    1.2099962094250847,
    1.1426131244915634,
    1.128157377243042,
    1.1860597520261198,
    1.2534433603286743,
    1.1725808004789715,
    1.094355821609497,
    1.4407099485397339,
    1.1268773078918457,
    1.9806033372879028,
    1.439995527267456,
    1.357845425605774,
    1.4444591999053955,
    1.3355907201766968,
    1.156846046447754,
    1.3067927360534668,
    2.140355110168457,
    1.7663500308990479,
    1.6497770547866821,
    2.5000784397125244,
    2.5725746154785156,
    1.7376415729522705,
    1.373798131942749,
    1.9740891456604004,
    1.4897152185440063,
    1.3169037103652954,
    1.3444899320602417,
    1.2222825288772583,
    1.6432827711105347,
    1.3273717164993286,
    1.1557681560516357,
    1.5281188488006592,
    1.182461142539978,
    1.4228556156158447,
    1.7578386068344116,
    2.047698736190796,
    1.412075400352478,
    1.572831630706787,
    1.8422107696533203,
    1.7163357734680176,
    1.318983554840088,
    1.8585662841796875,
    1.4524214267730713,
    3.0409443378448486,
    1.1811496019363403,
    1.818567156791687,
    2.0914173126220703,
    1.5512423515319824,
    1.5153788328170776,
    1.9807147979736328,
    1.8129823207855225,
    1.6238291263580322,
    1.6454386711120605,
    1.3080601692199707,
    2.2000272274017334,
    1.7082244157791138,
    1.7712117433547974,
    1.9571640491485596,
    1.4024478197097778,
    1.4598959684371948,
    1.4793184995651245,
    2.2437708377838135,
    1.5219358205795288,
    1.5653923749923706,
    1.2371413707733154,
    1.623314619064331,
    1.39719557762146,
    1.3686362504959106,
    1.207115888595581,
    1.3863276243209839,
    1.5157808065414429,
    1.7993309497833252,
    1.1786515712738037,
    1.443684697151184,
    1.3661220073699951,
    1.3322097063064575,
    1.6140241622924805,
    1.3944071531295776,
    1.528802514076233,
    1.9453327655792236,
    1.8826135396957397,
    1.3960427045822144,
    1.313018798828125,
    1.9390318393707275,
    1.3929393291473389,
    1.3415964841842651,
    1.8461931943893433,
    1.5847834348678589,
    1.5621432065963745,
    2.054641008377075,
    1.9863295555114746,
    1.773147702217102,
    1.426439881324768,
    1.911036491394043,
    2.0001368522644043,
    1.7103705406188965,
    1.4027916193008423,
    1.351757287979126,
    1.5061357021331787,
    2.4482955932617188,
    1.8688268661499023,
    1.3445641994476318,
    1.151626706123352,
    1.2585030794143677,
    1.3713144063949585,
    1.9522944688796997,
    1.7847193479537964,
    1.8353207111358643,
    1.8088083267211914,
    1.5348964929580688,
    1.2687240839004517,
    1.1716524362564087,
    1.2140170335769653,
    2.46242618560791,
    1.4786913394927979,
    1.8488672971725464,
    1.8857721090316772,
    1.8643077611923218,
    1.649521827697754,
    1.7834597826004028,
    2.1967520713806152,
    2.02341365814209,
    2.2707836627960205,
    2.308464527130127,
    3.4175734519958496,
    4.464325428009033,
    1.8325896263122559,
    1.5415585041046143,
    1.981187343597412,
    2.400959014892578,
    1.4184343814849854,
    1.8656517267227173,
    1.3185479640960693,
    1.5276730060577393,
    1.5869053602218628,
    2.506718635559082,
    1.4470640420913696,
    2.099890947341919,
    2.597594976425171,
    1.462784767150879,
    1.9201360940933228,
    1.3330175876617432,
    1.7034294605255127,
    2.450685739517212,
    1.522508144378662,
    1.3542348146438599,
    1.2526737451553345,
    1.507251501083374,
    1.8258785009384155,
    1.407524824142456,
    1.1065316200256348,
    2.138106107711792,
    2.0136115550994873,
    1.7090935707092285,
    1.87184739112854,
    2.3342442512512207,
    1.4702613353729248,
    1.3310935497283936,
    1.1535707712173462,
    1.4124507904052734,
    1.422037959098816,
    1.5858618021011353,
    1.3883947134017944,
    1.251894474029541,
    2.9066591262817383,
    5.1220903396606445,
    1.5228890180587769,
    1.525292992591858,
    1.8961409330368042,
    1.8129966259002686,
    1.669666051864624,
    1.6661860942840576,
    1.5373971462249756,
    1.9789834022521973,
    1.4718995094299316,
    1.4789854288101196,
    1.5349690914154053,
    1.6904546022415161,
    1.2323851585388184,
    1.2969130277633667,
    1.975343942642212,
    1.2204657793045044,
    1.5818430185317993,
    1.3545911312103271,
    2.020150661468506,
    1.6554425954818726,
    1.9034548997879028,
    1.9413844347000122,
    1.3979769945144653,
    1.6132467985153198,
    1.6043025255203247,
    1.3152575492858887,
    1.920133352279663,
    2.2357993125915527,
    1.342892050743103,
    1.1629327535629272,
    1.3966177701950073,
    1.3026610612869263,
    1.607885718345642,
    1.901719570159912,
    1.4309921264648438,
    2.2014577388763428,
    1.8456569910049438,
    2.115138292312622,
    1.7783583402633667,
    1.450777292251587,
    1.4576377868652344,
